Name	URL	DE	EN	FR	ES	IT	NL
RAL 1000-P	https://www.ral-farben.de/out/ralfarben/img/thumbs/plastics-p1-1.png	Grünbeige	Green beige	Beige vert	Beige verdoso	Beige verdastro	Groenbeige
RAL 1001-P	https://www.ral-farben.de/out/ralfarben/img/thumbs/plastics-p1-2.png	Beige					
RAL 1002-P	https://www.ral-farben.de/out/ralfarben/img/thumbs/plastics-p1-3.png	Sandgelb	Sand yellow	Jaune sable	Amarillo arena	Giallo sabbia	Zandgeel
RAL 1004-P	https://www.ral-farben.de/out/ralfarben/img/thumbs/plastics-p1-4.png	Goldgelb	Golden yellow	Jaune or	Amarillo oro	Giallo oro	Goudgeel
RAL 1011-P	https://www.ral-farben.de/out/ralfarben/img/thumbs/plastics-p1-5.png	Braunbeige	Brown beige	Beige brun	Beige pardo	Beige marrone	Bruinbeige
RAL 1012-P	https://www.ral-farben.de/out/ralfarben/img/thumbs/plastics-p1-6.png	Zitronengelb	Lemon yellow	Jaune citron	Amarillo limón	Giallo limone	Citroengeel
RAL 1013-P	https://www.ral-farben.de/out/ralfarben/img/thumbs/plastics-p1-7.png	Perlweiß	Oyster white	Blanc perlé	Blanco perla	Bianco perla	Parelwit
RAL 1015-P	https://www.ral-farben.de/out/ralfarben/img/thumbs/plastics-p1-8.png	Hellelfenbein	Light ivory	Ivoire clair	Marfil claro	Avorio chiaro	Licht ivoorkleurig
RAL 1016-P	https://www.ral-farben.de/out/ralfarben/img/thumbs/plastics-p1-9.png	Schwefelgelb	Sulfur yellow	Jaune soufre	Amarillo azufre	Giallo zolfo	Zwavelgeel
RAL 1017-P	https://www.ral-farben.de/out/ralfarben/img/thumbs/plastics-p1-10.png	Safrangelb	Saffron yellow	Jaune safran	Amarillo azafrán	Giallo zafferano	Saffraangeel
RAL 1018-P	https://www.ral-farben.de/out/ralfarben/img/thumbs/plastics-p1-11.png	Zinkgelb	Zinc yellow	Jaune zinc	Amarillo de zinc	Giallo zinco	Zinkgeel
RAL 1020-P	https://www.ral-farben.de/out/ralfarben/img/thumbs/plastics-p1-12.png	Olivgelb	Olive yellow	Jaune olive	Amarillo oliva	Giallo olivastro	Olijfgeel
RAL 1021-P	https://www.ral-farben.de/out/ralfarben/img/thumbs/plastics-p1-13.png	Rapsgelb	Colza yellow	Jaune colza	Amarillo colza	Giallo navone	Koolzaadgeel
RAL 1028-P	https://www.ral-farben.de/out/ralfarben/img/thumbs/plastics-p1-14.png	Melonengelb	Melon yellow	Jaune melon	Amarillo melón	Giallo melone	Meloengeel
RAL 1033-P	https://www.ral-farben.de/out/ralfarben/img/thumbs/plastics-p1-15.png	Dahliengelb	Dahlia yellow	Jaune dahlia	Amarillo dalia	Giallo dahlien	Dahliageel
RAL 2000-P	https://www.ral-farben.de/out/ralfarben/img/thumbs/plastics-p1-16.png	Gelborange	Yellow orange	Orangé jaune	Amarillo naranja	Arancio giallastro	Geeloranje
RAL 2002-P	https://www.ral-farben.de/out/ralfarben/img/thumbs/plastics-p1-17.png	Blutorange	Vermilion	Orangé sang	Naranja sanguineo	Arancio sanguigno	Vermiljoen
RAL 2003-P	https://www.ral-farben.de/out/ralfarben/img/thumbs/plastics-p1-18.png	Pastellorange	Pastel orange	Orangé pastel	Naranja pálido	Arancio pastello	Pasteloranje
RAL 2004-P	https://www.ral-farben.de/out/ralfarben/img/thumbs/plastics-p1-19.png	Reinorange	Pure orange	Orangé pur	Naranja puro	Arancio puro	Zuiver oranje
RAL 2008-P	https://www.ral-farben.de/out/ralfarben/img/thumbs/plastics-p1-20.png	Hellrotorange	Bright red orange	Orangé rouge clair	Rojo claro anaranjado	Rosso arancio chiaro	Licht roodoranje
RAL 2012-P	https://www.ral-farben.de/out/ralfarben/img/thumbs/plastics-p1-21.png	Lachsorange	Salmon orange	Orangé saumon	Naranja salmón	Arancio salmone	Zalmoranje
RAL 3000-P	https://www.ral-farben.de/out/ralfarben/img/thumbs/plastics-p1-22.png	Feuerrot	Flame red	Rouge feu	Rojo vivo	Rosso fuoco	Vuurrood
RAL 3002-P	https://www.ral-farben.de/out/ralfarben/img/thumbs/plastics-p1-23.png	Karminrot	Carmine red	Rouge carmin	Rojo carmin	Rosso carminio	Karmijnrood
RAL 3003-P	https://www.ral-farben.de/out/ralfarben/img/thumbs/plastics-p1-24.png	Rubinrot	Ruby red	Rouge rubis	Rojo rubí	Rosso rubino	Robijnrood
RAL 3004-P	https://www.ral-farben.de/out/ralfarben/img/thumbs/plastics-p1-25.png	Purpurrot	Purple red	Rouge pourpre	Rojo púrpura	Rosso porpora	Purperrood
RAL 3012-P	https://www.ral-farben.de/out/ralfarben/img/thumbs/plastics-p1-26.png	Beigerot	Beige red	Rouge beige	Rojo beige	Rosso beige	Beigerood
RAL 3014-P	https://www.ral-farben.de/out/ralfarben/img/thumbs/plastics-p1-27.png	Altrosa	Antique pink	Vieux rose	Rojo viejo	Rosa antico	Oudroze
RAL 3015-P	https://www.ral-farben.de/out/ralfarben/img/thumbs/plastics-p1-28.png	Hellrosa	Light pink	Rose clair	Rosa claro	Rosa chiaro	Lichtroze
RAL 3016-P	https://www.ral-farben.de/out/ralfarben/img/thumbs/plastics-p1-29.png	Korallenrot	Coral red	Rouge corail	Rojo coral	Rosso corallo	Koraalrood
RAL 3018-P	https://www.ral-farben.de/out/ralfarben/img/thumbs/plastics-p1-30.png	Erdbeerrot	Strawberry red	Rouge fraise	Rojo fresa	Rosso fragola	Aardbeirood
RAL 3020-P	https://www.ral-farben.de/out/ralfarben/img/thumbs/plastics-p1-31.png	Verkehrsrot	Traffic red	Rouge signalisation	Rojo tráfico	Rosso traffico	Verkeersrood
RAL 3027-P	https://www.ral-farben.de/out/ralfarben/img/thumbs/plastics-p1-32.png	Himbeerrot	Raspberry red	Rouge framboise	Rojo frambuesa	Rosso lampone	Framboosrood
RAL 3028-P	https://www.ral-farben.de/out/ralfarben/img/thumbs/plastics-p1-33.png	Reinrot	Pure red	Rouge pu	Rojo puro 	Rosso puro	Zuiver rood 
RAL 4001-P	https://www.ral-farben.de/out/ralfarben/img/thumbs/plastics-p1-34.png	Rotlila	Red lilac	Lilas rouge	Rojo lila	Lilla rossastro	Roodlila
RAL 4002-P	https://www.ral-farben.de/out/ralfarben/img/thumbs/plastics-p1-35.png	Rotviolett	Red violet	Violet rouge	Rojo violeta	Viola rossastro	Roodpaars
RAL 4003-P	https://www.ral-farben.de/out/ralfarben/img/thumbs/plastics-p1-36.png	Erikaviolett	Heather violet	Violet bruyère	Violeta érica	Viola erica	Heidepaars
RAL 4005-P	https://www.ral-farben.de/out/ralfarben/img/thumbs/plastics-p1-37.png	Blaulila	Blue lilac	Lilas bleu	Lila azulado	Lilla bluastro	Blauwlila
RAL 4006-P	https://www.ral-farben.de/out/ralfarben/img/thumbs/plastics-p1-38.png	Verkehrspurpur	Traffic purple	Pourpre signalisation	Púrpurá tráfico	Porpora traffico	Verkeerspurper
RAL 4007-P	https://www.ral-farben.de/out/ralfarben/img/thumbs/plastics-p1-39.png	Purpurviolett	Purple violet	Violet pourpre	Violeta púrpura	Porpora violetto	Purperviolet
RAL 4008-P	https://www.ral-farben.de/out/ralfarben/img/thumbs/plastics-p1-40.png	Signalviolett	Signal violet	Violet de sécurité	Violeta señales	Violetto segnale	Signaalviolet
RAL 4009-P	https://www.ral-farben.de/out/ralfarben/img/thumbs/plastics-p1-41.png	Pastellviolett	Pastel violet	Violet pastel	Violeta pastel	Violetto pastello	Pastelviolet
RAL 5002-P	https://www.ral-farben.de/out/ralfarben/img/thumbs/plastics-p1-42.png	Ultramarinblau	Ultramarine blue	Bleu outremer	Azul ultramar	Blu oltremare	Ultramarijn blauw
RAL 5005-P	https://www.ral-farben.de/out/ralfarben/img/thumbs/plastics-p1-43.png	Signalblau	Signal blue	Bleu de sécurité	Azul señales	Blu segnale	Signaalblauw
RAL 5009-P	https://www.ral-farben.de/out/ralfarben/img/thumbs/plastics-p1-44.png	Azurblau	Azure blue	Bleu azur	Azul azur	Blu azzurro	Azuurblauw
RAL 5010-P	https://www.ral-farben.de/out/ralfarben/img/thumbs/plastics-p1-45.png	Enzianblau	Gentian blue	Bleu gentiane	Azul genciana	Blu genziana	Gentiaanblauw
RAL 5011-P	https://www.ral-farben.de/out/ralfarben/img/thumbs/plastics-p1-46.png	Stahlblau	Steel blue	Bleu acier	Azul acero	Blu acciaio	Staalblauw
RAL 5012-P	https://www.ral-farben.de/out/ralfarben/img/thumbs/plastics-p1-47.png	Lichtblau	Light blue	Bleu clair	Azul luminoso	Blu luce	Lichtblauw
RAL 5013-P	https://www.ral-farben.de/out/ralfarben/img/thumbs/plastics-p1-48.png	Kobaltblau	Cobalt blue	Bleu cobalt	Azul cobalto	Blu cobalto	Kobaltblauw
RAL 5014-P	https://www.ral-farben.de/out/ralfarben/img/thumbs/plastics-p1-49.png	Taubenblau	Pigeon blue	Bleu pigeon	Azul colombino	Blu colomba	Duifblauw
RAL 5015-P	https://www.ral-farben.de/out/ralfarben/img/thumbs/plastics-p1-50.png	Himmelblau	Sky blue	Bleu ciel	Azul celeste	Blu cielo	Hemelsblauw
RAL 5017-P	https://www.ral-farben.de/out/ralfarben/img/thumbs/plastics-p1-51.png	Verkehrsblau	Traffic blue	Bleu signalisation	Azul tráfico	Blu traffico	Verkeersblauw
RAL 5018-P	https://www.ral-farben.de/out/ralfarben/img/thumbs/plastics-p1-52.png	Türkisblau	Turquoise blue	Bleu turquoise	Azul turquesa	Blu turchese	Turkooisblauw
RAL 5020-P	https://www.ral-farben.de/out/ralfarben/img/thumbs/plastics-p1-53.png	Ozeanblau	Ocean blue	Bleu océan	Azul oceano	Blu oceano	Oceaanblauw
RAL 5022-P	https://www.ral-farben.de/out/ralfarben/img/thumbs/plastics-p1-54.png	Nachtblau	Night blue	Bleu nocturne	Azul noche	Blu notte	Nachtblauw
RAL 5023-P	https://www.ral-farben.de/out/ralfarben/img/thumbs/plastics-p1-55.png	Fernblau	Distant blue	Bleu distant	Azul lejanía	Blu distante	Verblauw
RAL 5024-P	https://www.ral-farben.de/out/ralfarben/img/thumbs/plastics-p1-56.png	Pastellblau	Pastel blue	Bleu pastel	Azul pastel	Blu pastello	Pastelblauw
RAL 6000-P	https://www.ral-farben.de/out/ralfarben/img/thumbs/plastics-p1-57.png	Patinagrün	Patina green	Vert patine	Verde patina	Verde patina	Patinagroen
RAL 6002-P	https://www.ral-farben.de/out/ralfarben/img/thumbs/plastics-p1-58.png	Laubgrün	Leaf green	Vert feuillage	Verde hoja	Verde foglia	Loofgroen
RAL 6003-P	https://www.ral-farben.de/out/ralfarben/img/thumbs/plastics-p1-59.png	Olivgrün	Olive green	Vert olive	Verde oliva	Verde oliva	Olijfgroen
RAL 6005-P	https://www.ral-farben.de/out/ralfarben/img/thumbs/plastics-p1-60.png	Moosgrün	Moss green	Vert mousse	Verde musgo	Verde muschio	Mosgroen
RAL 6009-P	https://www.ral-farben.de/out/ralfarben/img/thumbs/plastics-p1-61.png	Tannengrün	Fir green	Vert sapin	Verde abeto	Verde abete	Dennengroen
RAL 6011-P	https://www.ral-farben.de/out/ralfarben/img/thumbs/plastics-p1-62.png	Resedagrün	Reseda green	Vert réséda	Verde reseda	Verde reseda	Resedagroen
RAL 6017-P	https://www.ral-farben.de/out/ralfarben/img/thumbs/plastics-p1-63.png	Maigrün	May green	Vert mai	Verde mayo	Verde maggio	Meigroen
RAL 6018-P	https://www.ral-farben.de/out/ralfarben/img/thumbs/plastics-p1-64.png	Gelbgrün	Yellow green	Vert jaune	Verde amarillento	Verde giallastro	Geelgroen
RAL 6019-P	https://www.ral-farben.de/out/ralfarben/img/thumbs/plastics-p1-65.png	Weißgrün	Pastel green	Vert blanc	Verde blanquecino	Verde biancastro	Witgroen
RAL 6024-P	https://www.ral-farben.de/out/ralfarben/img/thumbs/plastics-p1-66.png	Verkehrsgrün	Traffic green	Vert signalisation	Verde tráfico	Verde traffico	Verkeersgroen
RAL 6026-P	https://www.ral-farben.de/out/ralfarben/img/thumbs/plastics-p1-67.png	Opalgrün	Opal green	Vert opale	Verde opalo	Verde opale	Opaalgroen
RAL 6037-P	https://www.ral-farben.de/out/ralfarben/img/thumbs/plastics-p1-68.png	Reingrün	Pure green	Vert pur	Verde puro 	Verde puro	Zuiver groen 
RAL 7001-P	https://www.ral-farben.de/out/ralfarben/img/thumbs/plastics-p1-69.png	Silbergrau	Silver grey	Gris argent	Gris plata	Grigio argento	Zilvergrijs
RAL 7004-P	https://www.ral-farben.de/out/ralfarben/img/thumbs/plastics-p1-70.png	Signalgrau	Signal grey	Gris de sécurité	Gris señales	Grigio segnale	Signaalgrijs
RAL 7011-P	https://www.ral-farben.de/out/ralfarben/img/thumbs/plastics-p1-71.png	Eisengrau	Iron grey	Gris fer	Gris hierro	Grigio ferro	IJzergrijs
RAL 7012-P	https://www.ral-farben.de/out/ralfarben/img/thumbs/plastics-p1-72.png	Basaltgrau	Basalt grey	Gris basalte	Gris basalto	Grigio basalto	Bazaltgrijs
RAL 7015-P	https://www.ral-farben.de/out/ralfarben/img/thumbs/plastics-p1-73.png	Schiefergrau	Slate grey	Gris ardoise	Gris pizarra	Grigio ardesia	Leigrijs
RAL 7016-P	https://www.ral-farben.de/out/ralfarben/img/thumbs/plastics-p1-74.png	Anthrazitgrau	Anthracite grey	Gris anthracite	Gris antracita	Grigio antracite	Antracietgrijs
RAL 7021-P	https://www.ral-farben.de/out/ralfarben/img/thumbs/plastics-p1-75.png	Schwarzgrau	Black grey	Gris noir	Gris negruzco	Grigio nerastro	Zwartgrijs
RAL 7031-P	https://www.ral-farben.de/out/ralfarben/img/thumbs/plastics-p1-76.png	Blaugrau	Blue grey	Gris bleu	Gris azulado	Grigio bluastro	Blauwgrijs
RAL 7035-P	https://www.ral-farben.de/out/ralfarben/img/thumbs/plastics-p1-77.png	Lichtgrau	Light grey	Gris clair	Gris luminoso	Grigio luce	Lichtgrijs
RAL 7037-P	https://www.ral-farben.de/out/ralfarben/img/thumbs/plastics-p1-78.png	Staubgrau	Dusty grey	Gris poussière	Gris polvo	Grigio polvere	Stofgrijs
RAL 7038-P	https://www.ral-farben.de/out/ralfarben/img/thumbs/plastics-p1-79.png	Achatgrau	Agate grey	Gris agate	Gris ágata	Grigio agata	Agaatgrijs
RAL 7040-P	https://www.ral-farben.de/out/ralfarben/img/thumbs/plastics-p1-80.png	Fenstergrau	Window grey	Gris fenêtre	Gris ventana	Grigio finestra	Venstergrijs
RAL 7042-P	https://www.ral-farben.de/out/ralfarben/img/thumbs/plastics-p1-81.png	Verkehrsgrau A	Traffic grey A	Gris signalisation A	Gris tráfico A	Grigio traffico A	Verkeersgrijs A
RAL 7045-P	https://www.ral-farben.de/out/ralfarben/img/thumbs/plastics-p1-82.png	Telegrau 1	Telegrey 1	Telegris 1	Gris tele 1	Grigio tele 1	Telegrijs 1
RAL 8001-P	https://www.ral-farben.de/out/ralfarben/img/thumbs/plastics-p1-83.png	Ockerbraun	Ochre brown	Brun terre de Sienne	Pardo ocre	Marrone ocra	Okerbruin
RAL 8004-P	https://www.ral-farben.de/out/ralfarben/img/thumbs/plastics-p1-84.png	Kupferbraun	Copper brown	Brun cuivré	Pardo cobre	Marrone rame	Koperbruin
RAL 8007-P	https://www.ral-farben.de/out/ralfarben/img/thumbs/plastics-p1-85.png	Rehbraun	Fawn brown	Brun fauve	Pardo corzo	Marrone capriolo	Reebruin
RAL 8008-P	https://www.ral-farben.de/out/ralfarben/img/thumbs/plastics-p1-86.png	Olivbraun	Olive brown	Brun olive	Pardo oliva	Marrone oliva	Olijfbruin
RAL 8011-P	https://www.ral-farben.de/out/ralfarben/img/thumbs/plastics-p1-87.png	Nussbraun	Nut brown	Brun noisette	Pardo nuez	Marrone noce	Notenbruin
RAL 8014-P	https://www.ral-farben.de/out/ralfarben/img/thumbs/plastics-p1-88.png	Sepiabraun	Sepia brown	Brun sépia	Sepia	Marrone seppia	Sepiabruin
RAL 8015-P	https://www.ral-farben.de/out/ralfarben/img/thumbs/plastics-p1-89.png	Kastanienbraun	Chestnut brown	Marron	Castaño	Marrone castagna	Kastanjebruin
RAL 8017-P	https://www.ral-farben.de/out/ralfarben/img/thumbs/plastics-p1-90.png	Schokoladenbraun	Chocolate brown	Brun chocolat	Chocolate	Marrone cioccolata	Chocoladebruin
RAL 8023-P	https://www.ral-farben.de/out/ralfarben/img/thumbs/plastics-p1-91.png	Orangebraun	Orange brown	Brun orangé	Pardo anaranjado	Marrone arancio	Oranjebruin
RAL 8025-P	https://www.ral-farben.de/out/ralfarben/img/thumbs/plastics-p1-92.png	Blassbraun	Pale brown	Brun pâle	Pardo pálido	Marrone pallido	Bleekbruin
RAL 9001-P	https://www.ral-farben.de/out/ralfarben/img/thumbs/plastics-p1-93.png	Cremeweiß	Cream	Blanc crème	Blanco crema	Bianco crema	Crèmewit
RAL 9002-P	https://www.ral-farben.de/out/ralfarben/img/thumbs/plastics-p1-94.png	Grauweiß	Grey white	Blanc gris	Blanco grisáceo	Bianco grigiastro	Grijswit
RAL 9003-P	https://www.ral-farben.de/out/ralfarben/img/thumbs/plastics-p1-95.png	Signalweiß	Signal white	Blanc de sécurité	Blanco señales	Bianco segnale	Signaalwit
RAL 9010-P	https://www.ral-farben.de/out/ralfarben/img/thumbs/plastics-p1-96.png	Reinweiß	Pure white	Blanc pur	Blanco puro	Bianco puro	Zuiver wit
RAL 9011-P	https://www.ral-farben.de/out/ralfarben/img/thumbs/plastics-p1-97.png	Graphitschwarz	Graphite black	Noir graphite	Negro grafito	Nero grafite	Grafietzwart
RAL 9016-P	https://www.ral-farben.de/out/ralfarben/img/thumbs/plastics-p1-98.png	Verkehrsweiß	Traffic white	Blanc signalisation	Blanco tráfico	Bianco traffico	Verkeerswit
